{
  "best_model_name": "Logistic Regression",
  "val_accuracy": 0.9546485260770975,
  "val_f1": 0.9546279923782643
}