{
  "Logistic Regression": {
    "val_acc": 0.9546485260770975
  },
  "Naive Bayes": {
    "val_acc": 0.9387755102040817
  },
  "Random Forest": {
    "val_acc": 0.9217687074829932
  }
}