{
    "logisticregression": {
        "val_accuracy": 0.9251700680272109
    },
    "randomforest": {
        "val_accuracy": 0.9229024943310657
    }
}