{
  "Logistic Regression": {
    "val_acc": 0.9603174603174603
  },
  "Naive Bayes": {
    "val_acc": 0.9365079365079365
  },
  "Random Forest": {
    "val_acc": 0.9410430839002267
  }
}