{
    "logisticregression": {
        "val_accuracy": 0.9285714285714286
    },
    "randomforest": {
        "val_accuracy": 0.9206349206349206
    }
}