{
    "epoch": 4,
    "val_loss": 0.22550198677098315,
    "val_acc": 0.9705215419501134,
    "val_f1": 0.970917225950783,
    "val_precision": 0.9517543859649122,
    "val_recall": 0.9908675799086758
}